Time,Top1-Acc,Top2-Acc,Top3-Acc,Top4-Acc,Top5-Acc,Top6-Acc,Top7-Acc,Top8-Acc,Top9-Acc,Top10-Acc,MRR
1049.122862,0.14025468430807714,0.24472167849187607,0.3141939521093562,0.35449780816169485,0.38323781373206084,0.4120357433154306,0.44226426933332785,0.473845086331575,0.5068591436195584,0.5406691184691631,0.2794958570616813
