Confident,Execution Time,ROC AUC,PR AUC,Precision,Recall,F1-Score,Accuracy
0.5,0.0001791682684863055,0.5455333903658284,0.5316945874905545,0.6464927225615243,0.20331030887527696,0.3093390591637991,0.5438915343915344
0.6,0.0001791682684863055,0.5112186714713866,0.5088343572347791,0.5764115542368444,0.08695188559648354,0.15110893519572371,0.509183201058201
0.7,0.0001791682684863055,0.4984484401551784,0.5016667333735568,0.47410694903398537,0.025875857493217067,0.04907338288273668,0.4961812169312169
0.8,0.0001791682684863055,0.49823260705050554,0.5023669335964552,0.01812250815512867,6.582177832014924e-05,0.00013116715154790358,0.4958425925925926
0.9,0.0001791682684863055,0.49985047310310177,0.5023988095238096,0.0,0.0,0.0,0.497452380952381
0.91,0.0001791682684863055,0.4998797139184952,0.5023988095238096,0.0,0.0,0.0,0.49748148148148147
0.92,0.0001791682684863055,0.49990430278598513,0.5023988095238096,0.0,0.0,0.0,0.49750595238095235
0.93,0.0001791682684863055,0.49993221447340613,0.5023988095238096,0.0,0.0,0.0,0.49753373015873015
0.94,0.0001791682684863055,0.499944176625158,0.5023988095238096,0.0,0.0,0.0,0.4975456349206349
0.95,0.0001791682684863055,0.499981392208386,0.5023988095238096,0.0,0.0,0.0,0.497582671957672
0.96,0.0001791682684863055,0.49999601261608273,0.5023988095238096,0.0,0.0,0.0,0.49759722222222225
0.97,0.0001791682684863055,0.49999933543601377,0.5023988095238096,0.0,0.0,0.0,0.4976005291005291
0.98,0.0001791682684863055,0.5,0.5023988095238096,0.0,0.0,0.0,0.4976011904761905
0.99,0.0001791682684863055,0.5,0.5023988095238096,0.0,0.0,0.0,0.4976011904761905
