Time,Top1-Acc,Top2-Acc,Top3-Acc,Top4-Acc,Top5-Acc,Top6-Acc,Top7-Acc,Top8-Acc,Top9-Acc,Top10-Acc,MRR
874.822750,0.16355250673613014,0.28520990018146464,0.37223615897857454,0.4281181762933942,0.4704733860256872,0.5108943541814243,0.5505705162855165,0.5894516233712443,0.6283980736723345,0.6669309234091497,0.32409723613650704
