{
    "number_source": 1212,
    "avg_source_size": 26.277227722772277,
    "std_source_size": 2.455352388310607,
    "avg_degree": 25.277227722772277,
    "std_degree": 2.455352388310607,
    "number_label_node": 7,
    "number_label_edge": 1,
    "number_subgraph_per_source": 2000
}