Time,Top1-Acc,Top2-Acc,Top3-Acc,Top4-Acc,Top5-Acc,Top6-Acc,Top7-Acc,Top8-Acc,Top9-Acc,Top10-Acc,MRR
842.177677,0.18001054011419929,0.3089690953690765,0.3962596292490406,0.4487941513530906,0.4878942111573013,0.5264684884256501,0.5648358232246886,0.6032867212373152,0.6416847913890026,0.6800130440993472,0.3415180792500308
