Time,Top1-Acc,Top2-Acc,Top3-Acc,Top4-Acc,Top5-Acc,Top6-Acc,Top7-Acc,Top8-Acc,Top9-Acc,Top10-Acc,MRR
935.828788,0.17692101316914827,0.3057798254880032,0.39379011671254416,0.44717669980763275,0.4868520701167775,0.5255277972893759,0.5642173097039732,0.602471618635706,0.6409295221064275,0.6791598010619546,0.339030811160317
