Confident,Execution Time,ROC AUC,PR AUC,Precision,Recall,F1-Score,Accuracy
0.5,0.00011027651552980411,0.45728607485225553,0.4989136353014159,0.01714962991630787,0.001519274862322412,0.002791272647102824,0.4576081370449679
0.6,0.00011027651552980411,0.4869599640510988,0.4996466809421842,0.0,0.0,0.0,0.4873040685224839
0.7,0.00011027651552980411,0.49686517022232685,0.4996466809421842,0.0,0.0,0.0,0.49721627408993574
0.8,0.00011027651552980411,0.49959557486144696,0.4996466809421842,0.0,0.0,0.0,0.49994860813704495
0.9,0.00011027651552980411,0.4999764620289731,0.4996466809421842,0.0,0.0,0.0,0.5003297644539615
0.91,0.00011027651552980411,0.49999037083003445,0.4996466809421842,0.0,0.0,0.0,0.5003436830835117
0.92,0.00011027651552980411,0.4999914407378084,0.4996466809421842,0.0,0.0,0.0,0.5003447537473233
0.93,0.00011027651552980411,0.49999465046113023,0.4996466809421842,0.0,0.0,0.0,0.5003479657387581
0.94,0.00011027651552980411,0.49999679027667815,0.4996466809421842,0.0,0.0,0.0,0.5003501070663812
0.95,0.00011027651552980411,0.49999679027667815,0.4996466809421842,0.0,0.0,0.0,0.5003501070663812
0.96,0.00011027651552980411,0.4999978601844521,0.4996466809421842,0.0,0.0,0.0,0.5003511777301927
0.97,0.00011027651552980411,0.5,0.4996466809421842,0.0,0.0,0.0,0.5003533190578159
0.98,0.00011027651552980411,0.5,0.4996466809421842,0.0,0.0,0.0,0.5003533190578159
0.99,0.00011027651552980411,0.5,0.4996466809421842,0.0,0.0,0.0,0.5003533190578159
