Confident,Execution Time,ROC AUC,PR AUC,Precision,Recall,F1-Score,Accuracy
0.5,0.000173364097321475,0.5948884536194535,0.5749970700059326,0.7687788720051097,0.2725363895701443,0.40241457296444133,0.5933419312169312
0.6,0.000173364097321475,0.5437814853799025,0.5352726830014395,0.7544821703300888,0.13040874007901246,0.2223801105592502,0.5417982804232804
0.7,0.000173364097321475,0.5050383069711761,0.5054592525911382,0.6103631055302021,0.028346807051355467,0.0541774750725243,0.5027513227513227
0.8,0.000173364097321475,0.49887846805206065,0.5023588811626545,0.03577325261419923,8.5568311816194e-05,0.00017072824790792234,0.4964854497354497
0.9,0.000173364097321475,0.4998963280181506,0.5023988095238096,0.0,0.0,0.0,0.4974980158730159
0.91,0.000173364097321475,0.49991227755381973,0.5023988095238096,0.0,0.0,0.0,0.49751388888888887
0.92,0.000173364097321475,0.4999381955492821,0.5023988095238096,0.0,0.0,0.0,0.49753968253968256
0.93,0.000173364097321475,0.49996344898075823,0.5023988095238096,0.0,0.0,0.0,0.4975648148148148
0.94,0.000173364097321475,0.49998405046433086,0.5023988095238096,0.0,0.0,0.0,0.4975853174603175
0.95,0.000173364097321475,0.499990696104193,0.5023988095238096,0.0,0.0,0.0,0.49759193121693124
0.96,0.000173364097321475,0.4999986708720276,0.5023988095238096,0.0,0.0,0.0,0.49759986772486775
0.97,0.000173364097321475,0.5,0.5023988095238096,0.0,0.0,0.0,0.4976011904761905
0.98,0.000173364097321475,0.5,0.5023988095238096,0.0,0.0,0.0,0.4976011904761905
0.99,0.000173364097321475,0.5,0.5023988095238096,0.0,0.0,0.0,0.4976011904761905
