Time,Top1-Acc,Top2-Acc,Top3-Acc,Top4-Acc,Top5-Acc,Top6-Acc,Top7-Acc,Top8-Acc,Top9-Acc,Top10-Acc,MRR
763.308201,0.18081314179817592,0.3099848425592308,0.3974996969492186,0.45026913909712485,0.4896566850123041,0.5282106225294181,0.5668552210716452,0.6051831629356835,0.643568156699811,0.6818343597542812,0.34254017781912016
