Time,Top1-Acc,Top2-Acc,Top3-Acc,Top4-Acc,Top5-Acc,Top6-Acc,Top7-Acc,Top8-Acc,Top9-Acc,Top10-Acc,MRR
949.381619,0.13341185448081525,0.2444450522996551,0.3270819606384618,0.3825106077458618,0.4258251861717728,0.4658946992387565,0.5045309147195741,0.5420009345449976,0.5792883571185584,0.6164918344391274,0.2887230776574815
