Time,Top1-Acc,Top2-Acc,Top3-Acc,Top4-Acc,Top5-Acc,Top6-Acc,Top7-Acc,Top8-Acc,Top9-Acc,Top10-Acc,MRR
453.945202,0.9456052588988502,0.979111924761327,0.9902629715409298,0.994466112359128,0.9966494076320265,0.9978380998601645,0.9985308055392571,0.9989598826565473,0.9992413684466122,0.9994421342522747,0.9680072330366499
