Time,Top1-Acc,Top2-Acc,Top3-Acc,Top4-Acc,Top5-Acc,Top6-Acc,Top7-Acc,Top8-Acc,Top9-Acc,Top10-Acc,MRR
1103.569018,0.10385277749163754,0.19637749687674064,0.2666749462611784,0.30980052305704325,0.3398487520593262,0.3662939069505329,0.39253532917311124,0.4184686423256792,0.4452418184171031,0.47304574065615085,0.23653916365986072
