Time,Top1-Acc,Top2-Acc,Top3-Acc,Top4-Acc,Top5-Acc,Top6-Acc,Top7-Acc,Top8-Acc,Top9-Acc,Top10-Acc,MRR
965.909585,0.1812495260825666,0.30813097768523035,0.39315334549294684,0.4444999512298589,0.48322005553294367,0.5217598901784128,0.5602906180617694,0.598499826339351,0.6370836156925026,0.6753649801213111,0.3408233256601361
