Dataset,ROC AUC,PR AUC,F1 score,Accuracy,Top1 Acc,Top5 Acc,Top10 Acc,MRR
KKI,0.9750201614231943,0.9532973614461364,0.9754093029580971,0.9749457831325301,0.9962146328390158,0.9998841059036673,0.9998848170112385,0.9980357164435208
COX2,0.9473969016343682,0.9085926711261274,0.9494978154716012,0.9474025695931477,0.10303456,0.39625853,0.64049027,0.26110606
COX2_MD,0.9895990732901674,0.9797892871154785,0.9896919686934006,0.9895940594059406,0.9999928506660791,0.9999928506660791,0.9999928506660791,0.9999964253330396
DHFR,0.9693928100498453,0.9441898744612292,0.9702203240074085,0.9694166666666667,0.9999979779044574,0.9999979779044574,0.9999979779044574,0.9999989889522277
DBLP-v1,0.9603505851705256,0.9406097840775313,0.9604821461960296,0.9603500205592105,0.7454310427786702,0.9960745057113236,0.9994666035723438,0.866856081334773
MSRC-21,0.9880201991391775,0.9773783228457619,0.9881385810433582,0.98801865008881,0.9999426015595089,0.9999985695091407,0.9999993324792812,0.9999704118905605