Time,Top1-Acc,Top2-Acc,Top3-Acc,Top4-Acc,Top5-Acc,Top6-Acc,Top7-Acc,Top8-Acc,Top9-Acc,Top10-Acc,MRR
965.897720,0.18434544858112417,0.31240412063140627,0.397500342875545,0.44823916331356356,0.48623771356690015,0.5239811601362669,0.561841852461741,0.5994701318867398,0.6371552273209935,0.6747696480259919,0.34306040353684675
