Time,Top1-Acc,Top2-Acc,Top3-Acc,Top4-Acc,Top5-Acc,Top6-Acc,Top7-Acc,Top8-Acc,Top9-Acc,Top10-Acc,MRR
2404.565384,0.02562984993454128,0.09427273117972412,0.17512170674874705,0.24375054279676237,0.2999653462549056,0.3503054852630429,0.39543241741095825,0.4401467685098537,0.4860942247578711,0.5336131716136095,0.176533745490644
